{"screen shot 8 pose": [-3.5297232852413103, -2.8818071611236653, 160.87190642133433], "screen shot 77 pose": [-6.374653611316995, 0.7775801186178151, 159.26828981433223], "screen shot 2 pose": [-1.5964717342741732, -0.9556004982308818, 162.3505259884019], "screen shot 22 pose": [-3.30043095656535, 1.4342841155107886, 157.71787218321637], "screen shot 21 pose": [-2.4364111122285363, 1.4557437753114895, 157.72988029025896], "screen shot 26 pose": [-4.6277940420915975, 1.3069795302402214, 158.31195584578813], "screen shot 32 pose": [-5.37826413056346, 1.4752485016723023, 156.33775695516835], "screen shot 5 pose": [-3.526304018297894, -1.2370777335309646, 162.26260191991136], "screen shot 79 pose": [-4.522285751652375, 0.2264105196751729, 158.53492614343497], "screen shot 65 pose": [-7.577897948786198, 0.17468578068470547, 158.8491624077246], "screen shot 39 pose": [-7.878871742309914, -0.3533364972363962, 159.92869424068314], "screen shot 14 pose": [-4.048398207085456, -1.4771588098192638, 159.8192566709576], "screen shot 63 pose": [-8.08918962836331, -1.0078138110331754, 159.8547930205392], "screen shot 33 pose": [-6.002346507495979, 1.5244570300891132, 156.7540269655994], "screen shot 96 pose": [-5.904016050070945, 3.4640030702907376, 160.61063203183076], "screen shot 76 pose": [-5.880650140502707, 1.1556565220491442, 158.6710677918159], "screen shot 73 pose": [-6.00368840979987, 1.4603944838937575, 159.967910118552], "screen shot 94 pose": [-7.1232080451456925, 3.1269620981553006, 160.13184249310487], "screen shot 20 pose": [-2.4713770171309988, 0.5380613185502223, 158.62085219356808], "screen shot 92 pose": [-6.0193183740689395, 1.6370074247399682, 159.68906893656597], "screen shot 52 pose": [-9.626654585810257, -0.35556932281136605, 159.84944338059523], "screen shot 9 pose": [-3.791850509611578, -2.5448976548242532, 160.5797182247594], "screen shot 6 pose": [-4.0097390988241735, -2.0232233865828206, 161.3639608443121], "screen shot 28 pose": [-5.0369691477273655, 2.2061568598836203, 158.19823506761813], "screen shot 62 pose": [-8.123514439494915, -1.3980066451589876, 159.30801472151353], "screen shot 54 pose": [-8.489242114826466, 0.13588132087429752, 159.51911862427204], "screen shot 24 pose": [-3.6589311443872488, 1.025538411304043, 158.09180874751272], "screen shot 75 pose": [-6.472655085963284, 1.3203846914274884, 159.49224459253688], "screen shot 97 pose": [-5.734635105843813, 2.635531794270578, 159.97268838140718], "screen shot 87 pose": [-4.381089526326116, 2.122908693161662, 159.66195030534183], "screen shot 38 pose": [-7.289022632943162, -0.5542400234122669, 159.09885629577445], "screen shot 17 pose": [-3.6672634023866157, -0.9685629194236597, 158.64555361680615], "screen shot 83 pose": [-5.632010599483223, 2.6882117098709104, 159.18146683618528], "screen shot 51 pose": [-9.361006776376962, -0.14668954635964915, 158.87734143523497], "screen shot 30 pose": [-5.557640133057966, 2.362307480125669, 157.08743171829468], "screen shot 91 pose": [-6.341032999874247, 1.350709846966301, 159.35498334473405], "screen shot 53 pose": [-9.366573588645956, 0.04124419828471887, 159.21106341449246], "screen shot 43 pose": [-9.726951271691687, 1.0322126450198608, 158.34136080692338], "screen shot 72 pose": [-6.154618161599034, 1.5154100030054027, 160.30710212982112], "screen shot 45 pose": [-9.63695676125659, 0.4075700067903164, 159.9136626487401], "screen shot 86 pose": [-4.737748717772881, 2.6718048000178847, 160.25356507586105], "screen shot 16 pose": [-2.814559014840879, -1.6827061548884013, 158.48600075720745], "screen shot 59 pose": [-7.788186104950611, -0.44896477735378915, 158.89235376640937], "screen shot 55 pose": [-7.524748573442865, 0.5715731339337848, 159.32323571690202], "screen shot 35 pose": [-6.47362214894573, -0.008691863811647549, 157.49598931580644], "screen shot 99 pose": [-6.662411918921925, 2.510303646956891, 161.07166012448621], "screen shot 44 pose": [-9.259914536763064, 0.957137577539072, 159.20226166153984], "screen shot 49 pose": [-9.362998603042557, -0.6668125727090704, 159.14678341461592], "screen shot 1 pose": [-1.7476995726976345, -0.09440765809496543, 162.85852740081486], "screen shot 3 pose": [-2.051256825900286, -1.9102777181266881, 162.59477992501306], "screen shot 23 pose": [-3.453980027105029, 1.0450030817031766, 157.95194512313384], "screen shot 71 pose": [-6.314631479491108, 0.571317661105464, 159.66675323193667], "screen shot 67 pose": [-6.4964483829147985, 0.2641433629957909, 157.84284991802673], "screen shot 12 pose": [-3.2198278287386146, -1.4211469307136384, 160.24226182166518], "screen shot 98 pose": [-6.334462158524815, 1.9525039389312875, 160.79230679387183], "screen shot 58 pose": [-8.580002629180685, -0.5478864634327562, 159.15665409499906], "screen shot 61 pose": [-7.9478131918929265, -0.7101690972744749, 158.63754620119911], "screen shot 7 pose": [-3.384391730345163, -2.46620630951589, 160.72346918770415], "screen shot 4 pose": [-2.832768805844248, -1.7617443724447108, 162.14263379587166], "screen shot 70 pose": [-5.61573020164861, 0.8004390403176183, 159.3857768954178], "screen shot 0 pose": [-0.7538852691650391, 0.792999267578125, 161.9308679262507], "screen shot 68 pose": [-5.843038952514104, 0.22899990330880526, 158.582965486171], "screen shot 90 pose": [-5.9682338525839125, 1.681215666703718, 159.90167101835024], "screen shot 64 pose": [-7.653638948419591, -0.24937429846547998, 158.85419816935422], "screen shot 25 pose": [-3.94479744326179, 1.6883239262222385, 158.8194851330708], "screen shot 66 pose": [-6.990623715580344, -0.39142285956853745, 157.97133941939734], "screen shot 50 pose": [-9.865249792476613, -0.13174205660443916, 159.30173873142624], "screen shot 56 pose": [-7.824478936434402, 0.05543590639840934, 159.16870563192617], "screen shot 18 pose": [-3.0134462434222984, 0.009591898130358989, 158.19953039420037], "screen shot 85 pose": [-4.815507163581702, 3.114523190039491, 159.58700423422934], "screen shot 95 pose": [-6.781993486278272, 2.618613425470611, 160.22269682464898], "screen shot 69 pose": [-5.921804073054252, 0.1395320925085432, 159.51484287743347], "screen shot 60 pose": [-7.929834715793225, -0.32995015995220844, 158.04983974484387], "screen shot 11 pose": [-2.2037694172593376, -1.4635733805811535, 160.91640728660124], "screen shot 81 pose": [-5.147068823228694, 1.7784505696754827, 157.79251521884197], "screen shot 93 pose": [-6.633955426436976, 2.407098280059044, 160.15248466337306], "screen shot 41 pose": [-9.47955128071196, 0.3896475005090998, 159.63861531051734], "screen shot 74 pose": [-6.003669768827083, 1.7394493359502494, 159.32915873473985], "screen shot 88 pose": [-4.914260198735456, 1.7248920605052724, 158.81637212934007], "screen shot 29 pose": [-4.783413357762763, 1.9512442996209416, 157.65773360189866], "screen shot 57 pose": [-8.301448872349178, 0.010057379518247957, 159.25014151733612], "screen shot 47 pose": [-10.53668428465062, -0.09659649479499977, 159.62756127222153], "screen shot 89 pose": [-5.4347778876856205, 1.2955972706797385, 159.20647572456036], "screen shot 10 pose": [-2.8641501320707348, -2.3940226764253603, 160.0283247278337], "screen shot 15 pose": [-3.077252790644364, -2.212397730697604, 159.142035140061], "screen shot 19 pose": [-3.00631593340675, -0.04910118194744843, 158.0440842344543], "screen shot 34 pose": [-5.943488214474808, 0.8356235098231671, 157.28255169928087], "screen shot 84 pose": [-4.985037598096168, 2.68041755446313, 159.25228753086935], "screen shot 48 pose": [-9.677770792358864, -0.9979805665250076, 159.68790329123334], "screen shot 80 pose": [-4.771349748252152, 1.0741197946888152, 158.7064998430907], "screen shot 78 pose": [-5.486179230111639, 0.8047649702561596, 158.68940765530357], "screen shot 36 pose": [-7.418545719679514, -0.5283515340234097, 158.493985720945], "screen shot 42 pose": [-9.801010213386924, 0.6727337917155725, 159.29436166742198],