{"screen shot 8 pose": [-67.65551112796085, 109.66566371928093, 139.24596640376353], "screen shot 77 pose": [-149.97876725296658, 9.2230168095692, 50.37414687855088], "screen shot 2 pose": [-0.7538852691294361, 0.7929992672323801, 161.9308679260469], "screen shot 22 pose": [95.84718999878129, 96.63212363976692, 62.17326853338744], "screen shot 21 pose": [-91.47058804444227, -271.1122449008229, 49.141874745032425], "screen shot 26 pose": [2.2201845259575106, -158.4501200674554, 3.2900828239621225], "screen shot 32 pose": [2.2201845258082167, -158.45012006780212, 3.290082823846844], "screen shot 5 pose": [-0.7538852691292123, 0.7929992672317602, 161.93086792604697], "screen shot 79 pose": [-149.978767255022, 9.223016811594048, 50.37414688036609], "screen shot 65 pose": [170.64272041727676, -135.33049644537624, 17.6537901925835], "screen shot 39 pose": [-110.06679544650639, -49.88695045358071, -101.52536586937585], "screen shot 14 pose": [-67.65551112760492, 109.66566372052884, 139.2459664042532], "screen shot 63 pose": [170.6427204167536, -135.33049644502697, 17.65379019295853], "screen shot 33 pose": [2.2201845258081776, -158.4501200678021, 3.2900828238469506], "screen shot 96 pose": [154.23314730571502, 25.642043251258773, -24.886921386570314], "screen shot 76 pose": [-149.97876725296706, 9.223016809568845, 50.37414687855194], "screen shot 73 pose": [-149.97876725532598, 9.223016808811801, 50.37414687805249], "screen shot 94 pose": [154.23314730571508, 25.642043251258908, -24.88692138657028], "screen shot 20 pose": [-91.47058804444661, -271.1122449008228, 49.14187474503409], "screen shot 92 pose": [-187.395406358707, -148.9123206230946, -83.76602008884085], "screen shot 52 pose": [191.70616466081975, -121.94779474653785, -14.217506270339344], "screen shot 9 pose": [-67.65551112794815, 109.66566371958513, 139.245966403735], "screen shot 6 pose": [-285.29674511823976, 155.49832669903105, -69.26880187729165], "screen shot 28 pose": [2.220184525951892, -158.4501200678094, 3.2900828237804793], "screen shot 62 pose": [-2.2196373850156066, 1584.85223138338, 528.0407617877079], "screen shot 54 pose": [191.7061646609064, -121.94779474657595, -14.217506270302858], "screen shot 24 pose": [95.84718999956384, 96.63212363917265, 62.17326853345706], "screen shot 75 pose": [-149.97876725465673, 9.223016808624832, 50.37414687824529], "screen shot 97 pose": [154.23314730571062, 25.64204325126042, -24.886921386573256], "screen shot 87 pose": [-921.2840383234122, 57.69616730105565, 94.98321999358302], "screen shot 38 pose": [198.20488733954159, 136.92673622043574, 165.92877589971627], "screen shot 17 pose": [-91.47058804910459, -271.1122448850762, 49.141874734479444], "screen shot 83 pose": [69.98221457050711, -137.06002502854187, -36.84943946172634], "screen shot 51 pose": [191.70616466081984, -121.94779474653777, -14.217506270339308], "screen shot 30 pose": [2.220184525951821, -158.4501200678089, 3.29008282378038], "screen shot 91 pose": [-187.39540635870685, -148.91232062309467, -83.7660200888409], "screen shot 53 pose": [191.70616466082137, -121.9477947465374, -14.217506270340374], "screen shot 43 pose": [-110.06679544650544, -49.88695045358066, -101.52536586937549], "screen shot 72 pose": [-149.97876725526817, 9.223016808842326, 50.37414687802373], "screen shot 45 pose": [-110.06679544645723, -49.88695045371712, -101.52536586943512], "screen shot 86 pose": [69.9822145710777, -137.06002502882836, -36.84943946278268], "screen shot 16 pose": [-91.47058804910466, -271.11224488507594, 49.141874734479245], "screen shot 59 pose": [-114.7214444068177, 1103.393386396921, 895.4373360267049], "screen shot 55 pose": [191.70616466089007, -121.94779474657487, -14.217506270314397], "screen shot 35 pose": [2.2201845254390435, -158.45012006811805, 3.2900828240186604], "screen shot 99 pose": [154.23314730594774, 25.642043250838785, -24.88692138648988], "screen shot 44 pose": [-110.06679544650542, -49.88695045357989, -101.5253658693756], "screen shot 49 pose": [-14.90102861593386, 43.30039794306594, 153.0283892670911], "screen shot 1 pose": [-0.753885269165052, 0.7929992675781302, 161.93086792625073], "screen shot 3 pose": [-0.753885269129024, 0.7929992672323286, 161.93086792604657], "screen shot 23 pose": [95.84718999878129, 96.63212363976677, 62.17326853338717], "screen shot 71 pose": [-149.97876725476615, 9.223016808735716, 50.37414687810401], "screen shot 67 pose": [-149.97876725448177, 9.223016808898626, 50.37414687750787], "screen shot 12 pose": [-67.65551112760055, 109.66566372052831, 139.24596640425426], "screen shot 98 pose": [154.23314730571073, 25.642043251260436, -24.886921386573697], "screen shot 58 pose": [-114.7214444068176, 1103.3933863969219, 895.4373360267043], "screen shot 61 pose": [-114.72144440681707, 1103.3933863969219, 895.4373360267052], "screen shot 7 pose": [-285.29674511823976, 155.49832669903128, -69.26880187729151], "screen shot 4 pose": [-0.7538852691291021, 0.7929992672322433, 161.93086792604672], "screen shot 70 pose": [-149.97876725476618, 9.223016808735727, 50.37414687810389], "screen shot 0 pose": [-0.7538852691650391, 0.792999267578125, 161.9308679262507], "screen shot 68 pose": [-149.97876725447983, 9.223016808899898, 50.37414687751031], "screen shot 90 pose": [30.63322885458966, 257.9029456999185, -89.59543878814986], "screen shot 64 pose": [170.64272041675179, -135.33049644502736, 17.65379019295856], "screen shot 25 pose": [2.2201845259575763, -158.45012006745526, 3.2900828239617246], "screen shot 66 pose": [170.6427204172785, -135.330496445377, 17.65379019258362], "screen shot 50 pose": [191.70616466082856, -121.94779474654406, -14.217506270339507], "screen shot 56 pose": [191.70616466089012, -121.94779474657493, -14.21750627031424], "screen shot 18 pose": [-91.47058804910486, -271.1122448850763, 49.14187473447939], "screen shot 85 pose": [69.9822145710771, -137.06002502882808, -36.84943946278244], "screen shot 95 pose": [154.23314730571505, 25.64204325125868, -24.8869213865703], "screen shot 69 pose": [-149.97876725459145, 9.223016808917171, 50.374146877683685], "screen shot 60 pose": [-114.72144440681696, 1103.3933863969216, 895.4373360267049], "screen shot 11 pose": [-67.65551112760066, 109.66566372052839, 139.24596640425426], "screen shot 81 pose": [69.98221456989228, -137.06002502816048, -36.849439461538594], "screen shot 93 pose": [154.23314730554267, 25.64204325200998, -24.88692138680024], "screen shot 41 pose": [-110.06679544650615, -49.88695045358093, -101.5253658693752], "screen shot 74 pose": [-149.97876725465682, 9.223016808624843, 50.374146878245305], "screen shot 88 pose": [-921.284038323411, 57.69616730105576, 94.98321999358302], "screen shot 29 pose": [2.2201845259518636, -158.45012006780905, 3.290082823780451], "screen shot 57 pose": [-114.72144440681785, 1103.3933863969226, 895.4373360267043], "screen shot 47 pose": [-110.06679544666153, -49.886950453640154, -101.52536586886607], "screen shot 89 pose": [-921.2840383214572, 57.6961673014902, 94.98321999349616], "screen shot 10 pose": [-67.65551112794743, 109.6656637195839, 139.24596640373417], "screen shot 15 pose": [-67.65551112759012, 109.66566371993412, 139.24596640446677], "screen shot 19 pose": [-91.4705880491049, -271.1122448850764, 49.1418747344794], "screen shot 34 pose": [2.2201845258080994, -158.45012006780198, 3.2900828238471354], "screen shot 84 pose": [69.9822145705073, -137.06002502854165, -36.84943946172635], "screen shot 48 pose": [-14.901028615933662, 43.30039794306527, 153.02838926709038], "screen shot 80 pose": [69.98221456989218, -137.06002502816008, -36.849439461538594], "screen shot 78 pose": [-149.9787672528527, 9.223016809963864, 50.374146878911354], "screen shot 36 pose": [198.20488734237506, 136.92673621959955, 165.92877590116456], "screen shot 42 pose": [-110.06679544650562, -49.88695045358072, -101.52536586937539], "screen shot 27 pose": [2.2201845259591892, -158.45012006790412, 3.2900828239254585],