{
    "camera_poses":{
        "anim0_camera_pose":[
            -1.2145447731018066,
            -4.006132125854492,
            186.208929573475
        ],
        "anim10_camera_pose":[
            177.65570483518994,
            -4.006132125854492,
            -26.960333005429657
        ],
        "anim11_camera_pose":[
            169.46146089494218,
            -4.006132125854492,
            -57.54166772004773
        ],
        "anim12_camera_pose":[
            156.08131288869703,
            -4.006132125854492,
            -86.23548771688267
        ],
        "anim13_camera_pose":[
            137.92180984294262,
            -4.006132125854492,
            -112.16994579510417
        ],
        "anim14_camera_pose":[
            115.53471906857234,
            -4.006132125854492,
            -134.5570365694745
        ],
        "anim15_camera_pose":[
            89.60026099035088,
            -4.006132125854492,
            -152.7165396152289
        ],
        "anim16_camera_pose":[
            60.90644099351593,
            -4.006132125854492,
            -166.09668762147408
        ],
        "anim17_camera_pose":[
            30.325106278897863,
            -4.006132125854492,
            -174.29093156172186
        ],
        "anim18_camera_pose":[
            -1.2145447731017003,
            -4.006132125854492,
            -177.05029348033534
        ],
        "anim19_camera_pose":[
            -32.75419582510127,
            -4.006132125854492,
            -174.29093156172192
        ],
        "anim1_camera_pose":[
            30.325106278897753,
            -4.006132125854492,
            183.44956765486154
        ],
        "anim20_camera_pose":[
            -63.33553053971936,
            -4.006132125854492,
            -166.09668762147416
        ],
        "anim21_camera_pose":[
            -92.02935053655429,
            -4.006132125854492,
            -152.716539615229
        ],
        "anim22_camera_pose":[
            -117.9638086147758,
            -4.006132125854492,
            -134.55703656947466
        ],
        "anim23_camera_pose":[
            -140.35089938914612,
            -4.006132125854492,
            -112.16994579510434
        ],
        "anim24_camera_pose":[
            -158.51040243490053,
            -4.006132125854492,
            -86.23548771688286
        ],
        "anim25_camera_pose":[
            -171.8905504411457,
            -4.006132125854492,
            -57.54166772004792
        ],
        "anim26_camera_pose":[
            -180.08479438139352,
            -4.006132125854492,
            -26.96033300542989
        ],
        "anim27_camera_pose":[
            -182.84415630000697,
            -4.006132125854492,
            4.5793180465696635
        ],
        "anim28_camera_pose":[
            -180.08479438139355,
            -4.006132125854492,
            36.118969098569224
        ],
        "anim29_camera_pose":[
            -171.89055044114582,
            -4.006132125854492,
            66.7003038131873
        ],
        "anim2_camera_pose":[
            60.9064409935158,
            -4.006132125854492,
            175.25532371461378
        ],
        "anim30_camera_pose":[
            -158.5104024349007,
            -4.006132125854492,
            95.39412381002222
        ],
        "anim31_camera_pose":[
            -140.35089938914638,
            -4.006132125854492,
            121.32858188824373
        ],
        "anim32_camera_pose":[
            -117.96380861477607,
            -4.006132125854492,
            143.71567266261405
        ],
        "anim33_camera_pose":[
            -92.02935053655457,
            -4.006132125854492,
            161.87517570836852
        ],
        "anim34_camera_pose":[
            -63.33553053971964,
            -4.006132125854492,
            175.2553237146137
        ],
        "anim35_camera_pose":[
            -32.75419582510159,
            -4.006132125854492,
            183.4495676548615
        ],
        "anim36_camera_pose":[
            -1.214544773102031,
            -4.006132125854492,
            186.208929573475
        ],
        "anim3_camera_pose":[
            89.60026099035073,
            -4.006132125854492,
            161.8751757083686
        ],
        "anim4_camera_pose":[
            115.53471906857224,
            -4.006132125854492,
            143.71567266261422
        ],
        "anim5_camera_pose":[
            137.92180984294254,
            -4.006132125854492,
            121.32858188824395
        ],
        "anim6_camera_pose":[
            156.08131288869694,
            -4.006132125854492,
            95.39412381002249
        ],
        "anim7_camera_pose":[
            169.46146089494212,
            -4.006132125854492,
            66.70030381318753
        ],
        "anim8_camera_pose":[
            177.6557048351899,
            -4.006132125854492,
            36.118969098569465
        ],
        "anim9_camera_pose":[
            180.41506675380336,
            -4.006132125854492,
            4.579318046569906
        ]
    },
    "focal_points":{
        "anim0_focal_point":[
            -1.2145447731018066,
            -4.006132125854492,
            4.579318046569824
        ],
        "anim10_focal_point":[
            -1.2145447731018066,
            -4.006132125854492,
            4.579318046569824
        ],
        "anim11_focal_point":[
            -1.2145447731018066,
            -4.006132125854492,
            4.579318046569824
        ],
        "anim12_focal_point":[
            -1.2145447731018066,
            -4.006132125854492,
            4.579318046569824
        ],
        "anim13_focal_point":[
            -1.2145447731018066,
            -4.006132125854492,
            4.579318046569824
        ],
        "anim14_focal_point":[
            -1.2145447731018066,
            -4.006132125854492,
            4.579318046569824
        ],
        "anim15_focal_point":[
            -1.2145447731018066,
            -4.006132125854492,
            4.579318046569824
        ],
        "anim16_focal_point":[
            -1.2145447731018066,
            -4.006132125854492,
            4.579318046569824
        ],
        "anim17_focal_point":[
            -1.2145447731018066,
            -4.006132125854492,
            4.579318046569824
        ],
        "anim18_focal_point":[
            -1.2145447731018066,
            -4.006132125854492,
            4.579318046569824
        ],
        "anim19_focal_point":[
            -1.2145447731018066,
            -4.006132125854492,
            4.579318046569824
        ],
        "anim1_focal_point":[
            -1.2145447731018066,
            -4.006132125854492,
            4.579318046569824
        ],
        "anim20_focal_point":[
            -1.2145447731018066,
            -4.006132125854492,
            4.579318046569824
        ],
        "anim21_focal_point":[
            -1.2145447731018066,
            -4.006132125854492,
            4.579318046569824
        ],
        "anim22_focal_point":[
            -1.2145447731018066,
            -4.006132125854492,
            4.579318046569824
        ],
        "anim23_focal_point":[
            -1.2145447731018066,
            -4.006132125854492,
            4.579318046569824
        ],
        "anim24_focal_point":[
            -1.2145447731018066,
            -4.006132125854492,
            4.579318046569824
        ],
        "anim25_focal_point":[
            -1.2145447731018066,
            -4.006132125854492,
            4.579318046569824
        ],
        "anim26_focal_point":[
            -1.2145447731018066,
            -4.006132125854492,
            4.579318046569824
        ],