{
    "camera_poses":{
        "anim0_camera_pose":[
            -1.2145447731019123,
            -4.0061321258544735,
            186.208929573475
        ],
        "anim10_camera_pose":[
            177.65570483518997,
            -4.006132125854492,
            -26.960333005429543
        ],
        "anim11_camera_pose":[
            169.4614608949422,
            -4.006132125854492,
            -57.5416677200476
        ],
        "anim12_camera_pose":[
            156.08131288869708,
            -4.006132125854492,
            -86.23548771688259
        ],
        "anim13_camera_pose":[
            137.92180984294268,
            -4.006132125854492,
            -112.16994579510413
        ],
        "anim14_camera_pose":[
            115.5347190685724,
            -4.006132125854492,
            -134.55703656947443
        ],
        "anim15_camera_pose":[
            89.60026099035093,
            -4.006132125854492,
            -152.71653961522884
        ],
        "anim16_camera_pose":[
            60.90644099351602,
            -4.006132125854492,
            -166.09668762147405
        ],
        "anim17_camera_pose":[
            30.325106278897977,
            -4.006132125854492,
            -174.29093156172186
        ],
        "anim18_camera_pose":[
            -1.2145447731015928,
            -4.006132125854492,
            -177.05029348033534
        ],
        "anim19_camera_pose":[
            -32.75419582510117,
            -4.006132125854492,
            -174.29093156172195
        ],
        "anim1_camera_pose":[
            30.32510627889762,
            -4.006132125854492,
            183.44956765486157
        ],
        "anim20_camera_pose":[
            -63.33553053971925,
            -4.006132125854492,
            -166.0966876214742
        ],
        "anim21_camera_pose":[
            -92.0293505365542,
            -4.006132125854492,
            -152.71653961522904
        ],
        "anim22_camera_pose":[
            -117.96380861477572,
            -4.006132125854492,
            -134.5570365694747
        ],
        "anim23_camera_pose":[
            -140.35089938914604,
            -4.006132125854492,
            -112.16994579510443
        ],
        "anim24_camera_pose":[
            -158.5104024349005,
            -4.006132125854492,
            -86.23548771688294
        ],
        "anim25_camera_pose":[
            -171.89055044114568,
            -4.006132125854492,
            -57.54166772004801
        ],
        "anim26_camera_pose":[
            -180.0847943813935,
            -4.006132125854492,
            -26.96033300542996
        ],
        "anim27_camera_pose":[
            -182.84415630000697,
            -4.006132125854492,
            4.579318046569609
        ],
        "anim28_camera_pose":[
            -180.08479438139355,
            -4.006132125854492,
            36.11896909856918
        ],
        "anim29_camera_pose":[
            -171.89055044114585,
            -4.006132125854492,
            66.70030381318725
        ],
        "anim2_camera_pose":[
            60.90644099351568,
            -4.006132125854492,
            175.2553237146138
        ],
        "anim30_camera_pose":[
            -158.5104024349007,
            -4.006132125854492,
            95.39412381002217
        ],
        "anim31_camera_pose":[
            -140.35089938914635,
            -4.006132125854492,
            121.32858188824373
        ],
        "anim32_camera_pose":[
            -117.9638086147761,
            -4.006132125854492,
            143.71567266261403
        ],
        "anim33_camera_pose":[
            -92.02935053655462,
            -4.006132125854492,
            161.8751757083685
        ],
        "anim34_camera_pose":[
            -63.33553053971967,
            -4.006132125854492,
            175.2553237146137
        ],
        "anim35_camera_pose":[
            -32.754195825101604,
            -4.006132125854492,
            183.4495676548615
        ],
        "anim36_camera_pose":[
            -1.2145447731020353,
            -4.006132125854492,
            186.208929573475
        ],
        "anim3_camera_pose":[
            89.60026099035062,
            -4.006132125854492,
            161.8751757083687
        ],
        "anim4_camera_pose":[
            115.53471906857212,
            -4.006132125854492,
            143.71567266261434
        ],
        "anim5_camera_pose":[
            137.92180984294242,
            -4.006132125854492,
            121.32858188824409
        ],
        "anim6_camera_pose":[
            156.08131288869686,
            -4.006132125854492,
            95.39412381002256
        ],
        "anim7_camera_pose":[
            169.46146089494206,
            -4.006132125854492,
            66.70030381318765
        ],
        "anim8_camera_pose":[
            177.65570483518988,
            -4.006132125854492,
            36.118969098569586
        ],
        "anim9_camera_pose":[
            180.41506675380336,
            -4.006132125854492,
            4.5793180465700205
        ]
    },
    "focal_points":{
        "anim0_focal_point":[
            -1.2145447731017787,
            -4.0061321258544735,
            4.5793180465698144
        ],
        "anim10_focal_point":[
            -1.2145447731018066,
            -4.006132125854492,
            4.579318046569824
        ],
        "anim11_focal_point":[
            -1.2145447731018066,
            -4.006132125854492,
            4.579318046569824
        ],
        "anim12_focal_point":[
            -1.2145447731018066,
            -4.006132125854492,
            4.579318046569824
        ],
        "anim13_focal_point":[
            -1.2145447731018066,
            -4.006132125854492,
            4.579318046569824
        ],
        "anim14_focal_point":[
            -1.2145447731018066,
            -4.006132125854492,
            4.579318046569824
        ],
        "anim15_focal_point":[
            -1.2145447731018066,
            -4.006132125854492,
            4.579318046569824
        ],
        "anim16_focal_point":[
            -1.2145447731018066,
            -4.006132125854492,
            4.579318046569824
        ],
        "anim17_focal_point":[
            -1.2145447731018066,
            -4.006132125854492,
            4.579318046569824
        ],
        "anim18_focal_point":[
            -1.2145447731018066,
            -4.006132125854492,
            4.579318046569824
        ],
        "anim19_focal_point":[
            -1.2145447731018066,
            -4.006132125854492,
            4.579318046569824
        ],
        "anim1_focal_point":[
            -1.2145447731018066,
            -4.006132125854492,
            4.579318046569824
        ],
        "anim20_focal_point":[
            -1.2145447731018066,
            -4.006132125854492,
            4.579318046569824
        ],
        "anim21_focal_point":[
            -1.2145447731018066,
            -4.006132125854492,
            4.579318046569824
        ],
        "anim22_focal_point":[
            -1.2145447731018066,
            -4.006132125854492,
            4.579318046569824
        ],
        "anim23_focal_point":[
            -1.2145447731018066,
            -4.006132125854492,
            4.579318046569824
        ],
        "anim24_focal_point":[
            -1.2145447731018066,
            -4.006132125854492,
            4.579318046569824
        ],
        "anim25_focal_point":[
            -1.2145447731018066,
            -4.006132125854492,
            4.579318046569824
        ],
        "anim26_focal_point":[
            -1.2145447731018066,
            -4.006132125854492,
            4.579318046569824
        ],
        "anim27_focal_point":[
            -1.2145447731018066,
            -4.006132125854492,
            4.579318046569824
        ],
        "anim28_focal_point":[
            -1.2145447731018066,
            -4.006132125854492,
            4.579318046569824
        ],